<?xml version="1.0" encoding="UTF-8"?>
<tns:patient
	xmlns:tns="http://www.example.org/PatientSchema"
	xmlns:xsi="http://www.w3.org/2001/XMLSchema-instance"
	xsi:schemaLocation="http://www.example.org/PatientSchema PatientSchema.xsd ">
	<tns:id>1</tns:id>
	<tns:name>tns:name</tns:name>
	<tns:age>0</tns:age>
	<tns:dob>2001-01-01</tns:dob>
	<tns:email>nik@gmail.com</tns:email>
	<tns:email>nik@gmail.com</tns:email>
	<tns:email>nik@gmail.com</tns:email>
	<tns:gender>M</tns:gender>
	<tns:phone>1234567890</tns:phone>
	<tns:payment>
		<tns:insurane>
			<tns:provider>Blue Cross</tns:provider>
			<tns:limit>1</tns:limit>
		</tns:insurane>
	</tns:payment>
</tns:patient>
